Workbook

Sheet TongHop
A2: PayKX đối soát và kết quả hoạt động
A3: Mẫu 24 giao dịch thành công, tháng 09 và 10/2026. Đơn vị: VND.
A5: Chỉ tiêu | B5: 09/2026 | C5: 10/2026 | D5: Chênh lệch
A6: Giá trị giao dịch | B6: =SUM(DoiSoat!E2:E13) -> 6000000 | C6: =SUM(DoiSoat!E14:E25) -> 6900000 | D6: =C6-B6 -> 900000
A7: Doanh thu phí dịch vụ | B7: =SUM(DoiSoat!F2:F13) -> 120000 | C7: =SUM(DoiSoat!F14:F25) -> 138000 | D7: =C7-B7 -> 18000
A8: Phí ngân hàng | B8: =SUM(DoiSoat!J2:J13)+SUM(NganHang!$C$2:$C$4) -> 8800 | C8: =SUM(DoiSoat!J14:J25)+SUM(NganHang!$C$2:$C$4) -> 9670 | D8: =C8-B8 -> 870
A9: Hoàn tiền ưu đãi | B9: =SUM(DoiSoat!G2:G13) -> 18000 | C9: =SUM(DoiSoat!G14:G25) -> 20700 | D9: =C9-B9 -> 2700
A10: Chi phí vận hành | B10: =NganHang!G4 -> 70000 | C10: =NganHang!G5 -> 70000 | D10: =C10-B10 -> 0
A11: Lợi nhuận hoạt động | B11: =B7-SUM(B8:B10) -> 23200 | C11: =C7-SUM(C8:C10) -> 37630 | D11: =C11-B11 -> 14430
A12: Biên lợi nhuận | B12: =B11/B7 -> 0.19333333 | C12: =C11/C7 -> 0.27268116 | D12: =C12-B12 -> 0.079347826
A14: Tăng trưởng doanh thu | C14: =C7/B7-1 -> 0.15
A17: Đối tác tháng 10 | B17: Số giao dịch | C17: Doanh số VND | D17: Phí cố định | E17: Tỷ lệ phí | F17: Phí dự kiến | G17: Phí thực thu | H17: Chênh lệch
A18: =NganHang!B2 -> Ngân hàng A | B18: =COUNTIF(DoiSoat!$D$14:$D$25,NganHang!A2) -> 4 | C18: =SUMIF(DoiSoat!$D$14:$D$25,NganHang!A2,DoiSoat!$E$14:$E$25) -> 1610000 | D18: =NganHang!C2 -> 1000 | E18: =NganHang!D2 -> 0.001 | F18: =D18+ROUND(C18*E18,0) -> 2610 | G18: =SUMIF(DoiSoat!$D$14:$D$25,NganHang!A2,DoiSoat!$H$14:$H$25)+D18 -> 2610 | H18: =G18-F18 -> 0
A19: =NganHang!B3 -> Ngân hàng B | B19: =COUNTIF(DoiSoat!$D$14:$D$25,NganHang!A3) -> 4 | C19: =SUMIF(DoiSoat!$D$14:$D$25,NganHang!A3,DoiSoat!$E$14:$E$25) -> 2070000 | D19: =NganHang!C3 -> 1000 | E19: =NganHang!D3 -> 0.0012 | F19: =D19+ROUND(C19*E19,0) -> 3484 | G19: =SUMIF(DoiSoat!$D$14:$D$25,NganHang!A3,DoiSoat!$H$14:$H$25)+D19 -> 3484 | H19: =G19-F19 -> 0
A20: =NganHang!B4 -> Ngân hàng C | B20: =COUNTIF(DoiSoat!$D$14:$D$25,NganHang!A4) -> 4 | C20: =SUMIF(DoiSoat!$D$14:$D$25,NganHang!A4,DoiSoat!$E$14:$E$25) -> 3220000 | D20: =NganHang!C4 -> 1000 | E20: =NganHang!D4 -> 0.0008 | F20: =D20+ROUND(C20*E20,0) -> 3576 | G20: =SUMIF(DoiSoat!$D$14:$D$25,NganHang!A4,DoiSoat!$H$14:$H$25)+D20 -> 3576 | H20: =G20-F20 -> 0
A21: Tổng | B21: =SUM(B18:B20) -> 12 | C21: =SUM(C18:C20) -> 6900000 | D21: =SUM(D18:D20) -> 3000 | F21: =SUM(F18:F20) -> 9670 | G21: =SUM(G18:G20) -> 9670 | H21: =SUM(H18:H20) -> 0
A24: Dòng tiền hoạt động tháng 10
A25: Chỉ tiêu | B25: Giá trị VND | C25: Kiểm tra | D25: Kết quả
A26: Tiền đầu kỳ | B26: =NganHang!G6 -> 100000 | C26: Số dòng lệch phí | D26: =COUNTIF(DoiSoat!L2:L25,"Lệch phí") -> 0
A27: Thu phí dịch vụ | B27: =C7 -> 138000 | C27: Số dòng trùng mã | D27: =COUNTIF(DoiSoat!M2:M25,">1") -> 0
A28: Chi hoạt động | B28: =SUM(C8:C10) -> 100370 | C28: Tổng chênh lệch | D28: =SUM(DoiSoat!K2:K25) -> 0
A29: Tiền cuối kỳ | B29: =B26+B27-B28 -> 137630 | C29: Khớp lợi nhuận | D29: =B29-B26-C11 -> 0
A32: Tiền khách nạp và giá trị giao dịch không phải doanh thu PayKX.
A33: Phí thực thu tháng gồm phí biến đổi theo giao dịch và phí cố định theo giả định hợp đồng.
A34: Lợi nhuận hoạt động chưa bao gồm thuế. Tiền cuối kỳ chỉ là quỹ hoạt động của PayKX.
A35: Nguồn: dữ liệu giả định. Slide là bản chụp số liệu tại thời điểm tạo, không liên kết trực tiếp Excel.

Sheet DoiSoat
A1: MaGD_Goc | B1: MaGD_Sach | C1: NgayGD | D1: MaNH | E1: GiaTriGD_VND | F1: DoanhThuPhi_VND | G1: HoanTienUuDai_VND | H1: PhiNH_ThucThu_VND | I1: TenNguoiDung | J1: PhiNH_DuKien_VND | K1: ChenhLech_VND | L1: KetQuaDoiSoat | M1: SoLanMaGD
A2: GD09001 | B2: =TRIM(A2) -> GD09001 | C2: 46267 | D2: NH01 | E2: 200000 | F2: =ROUND(E2*NganHang!$G$2,0) -> 4000 | G2: =ROUND(E2*NganHang!$G$3,0) -> 600 | H2: 200 | I2: =VLOOKUP(B2,TraCuu!$A$2:$B$25,2,FALSE) -> Nguyễn Nhân | J2: =ROUND(E2*VLOOKUP(D2,NganHang!$A$2:$D$4,4,FALSE),0) -> 200 | K2: =H2-J2 -> 0 | L2: =IF(K2=0,"Khớp","Lệch phí") -> Khớp | M2: =COUNTIF($B$2:$B$25,B2) -> 1
A3: GD09002 | B3: =TRIM(A3) -> GD09002 | C3: 46269 | D3: NH02 | E3: 300000 | F3: =ROUND(E3*NganHang!$G$2,0) -> 6000 | G3: =ROUND(E3*NganHang!$G$3,0) -> 900 | H3: 360 | I3: =VLOOKUP(B3,TraCuu!$A$2:$B$25,2,FALSE) | J3: =ROUND(E3*VLOOKUP(D3,NganHang!$A$2:$D$4,4,FALSE),0) -> 360 | K3: =H3-J3 -> 0 | L3: =IF(K3=0,"Khớp","Lệch phí") -> Khớp | M3: =COUNTIF($B$2:$B$25,B3) -> 1
A4: GD09003 | B4: =TRIM(A4) -> GD09003 | C4: 46271 | D4: NH03 | E4: 400000 | F4: =ROUND(E4*NganHang!$G$2,0) -> 8000 | G4: =ROUND(E4*NganHang!$G$3,0) -> 1200 | H4: 320 | I4: =VLOOKUP(B4,TraCuu!$A$2:$B$25,2,FALSE) -> Lê An | J4: =ROUND(E4*VLOOKUP(D4,NganHang!$A$2:$D$4,4,FALSE),0) -> 320 | K4: =H4-J4 -> 0 | L4: =IF(K4=0,"Khớp","Lệch phí") -> Khớp | M4: =COUNTIF($B$2:$B$25,B4) -> 1
A5: GD09004 | B5: =TRIM(A5) -> GD09004 | C5: 46273 | D5: NH01 | E5: 500000 | F5: =ROUND(E5*NganHang!$G$2,0) -> 10000 | G5: =ROUND(E5*NganHang!$G$3,0) -> 1500 | H5: 500 | I5: =VLOOKUP(B5,TraCuu!$A$2:$B$25,2,FALSE) -> Phạm Huy | J5: =ROUND(E5*VLOOKUP(D5,NganHang!$A$2:$D$4,4,FALSE),0) -> 500 | K5: =H5-J5 -> 0 | L5: =IF(K5=0,"Khớp","Lệch phí") -> Khớp | M5: =COUNTIF($B$2:$B$25,B5) -> 1
A6: GD09005 | B6: =TRIM(A6) -> GD09005 | C6: 46275 | D6: NH02 | E6: 600000 | F6: =ROUND(E6*NganHang!$G$2,0) -> 12000 | G6: =ROUND(E6*NganHang!$G$3,0) -> 1800 | H6: 720 | I6: =VLOOKUP(B6,TraCuu!$A$2:$B$25,2,FALSE) -> Võ Linh | J6: =ROUND(E6*VLOOKUP(D6,NganHang!$A$2:$D$4,4,FALSE),0) -> 720 | K6: =H6-J6 -> 0 | L6: =IF(K6=0,"Khớp","Lệch phí") -> Khớp | M6: =COUNTIF($B$2:$B$25,B6) -> 1
A7: GD09006 | B7: =TRIM(A7) -> GD09006 | C7: 46277 | D7: NH03 | E7: 1000000 | F7: =ROUND(E7*NganHang!$G$2,0) -> 20000 | G7: =ROUND(E7*NganHang!$G$3,0) -> 3000 | H7: 800 | I7: =VLOOKUP(B7,TraCuu!$A$2:$B$25,2,FALSE) -> Đỗ Khoa | J7: =ROUND(E7*VLOOKUP(D7,NganHang!$A$2:$D$4,4,FALSE),0) -> 800 | K7: =H7-J7 -> 0 | L7: =IF(K7=0,"Khớp","Lệch phí") -> Khớp | M7: =COUNTIF($B$2:$B$25,B7) -> 1
A8: GD09007 | B8: =TRIM(A8) -> GD09007 | C8: 46279 | D8: NH01 | E8: 200000 | F8: =ROUND(E8*NganHang!$G$2,0) -> 4000 | G8: =ROUND(E8*NganHang!$G$3,0) -> 600 | H8: 200 | I8: =VLOOKUP(B8,TraCuu!$A$2:$B$25,2,FALSE) -> Nguyễn Nhân | J8: =ROUND(E8*VLOOKUP(D8,NganHang!$A$2:$D$4,4,FALSE),0) -> 200 | K8: =H8-J8 -> 0 | L8: =IF(K8=0,"Khớp","Lệch phí") -> Khớp | M8: =COUNTIF($B$2:$B$25,B8) -> 1
A9: GD09008 | B9: =TRIM(A9) -> GD09008 | C9: 46281 | D9: NH02 | E9: 300000 | F9: =ROUND(E9*NganHang!$G$2,0) -> 6000 | G9: =ROUND(E9*NganHang!$G$3,0) -> 900 | H9: 360 | I9: =VLOOKUP(B9,TraCuu!$A$2:$B$25,2,FALSE) -> Trần Minh | J9: =ROUND(E9*VLOOKUP(D9,NganHang!$A$2:$D$4,4,FALSE),0) -> 360 | K9: =H9-J9 -> 0 | L9: =IF(K9=0,"Khớp","Lệch phí") -> Khớp | M9: =COUNTIF($B$2:$B$25,B9) -> 1
A10: GD09009 | B10: =TRIM(A10) -> GD09009 | C10: 46283 | D10: NH03 | E10: 400000 | F10: =ROUND(E10*NganHang!$G$2,0) -> 8000 | G10: =ROUND(E10*NganHang!$G$3,0) -> 1200 | H10: 320 | I10: =VLOOKUP(B10,TraCuu!$A$2:$B$25,2,FALSE) -> Lê An | J10: =ROUND(E10*VLOOKUP(D10,NganHang!$A$2:$D$4,4,FALSE),0) -> 320 | K10: =H10-J10 -> 0 | L10: =IF(K10=0,"Khớp","Lệch phí") -> Khớp | M10: =COUNTIF($B$2:$B$25,B10) -> 1
A11: GD09010 | B11: =TRIM(A11) -> GD09010 | C11: 46285 | D11: NH01 | E11: 500000 | F11: =ROUND(E11*NganHang!$G$2,0) -> 10000 | G11: =ROUND(E11*NganHang!$G$3,0) -> 1500 | H11: 500 | I11: =VLOOKUP(B11,TraCuu!$A$2:$B$25,2,FALSE) -> Phạm Huy | J11: =ROUND(E11*VLOOKUP(D11,NganHang!$A$2:$D$4,4,FALSE),0) -> 500 | K11: =H11-J11 -> 0 | L11: =IF(K11=0,"Khớp","Lệch phí") -> Khớp | M11: =COUNTIF($B$2:$B$25,B11) -> 1
A12: GD09011 | B12: =TRIM(A12) -> GD09011 | C12: 46287 | D12: NH02 | E12: 600000 | F12: =ROUND(E12*NganHang!$G$2,0) -> 12000 | G12: =ROUND(E12*NganHang!$G$3,0) -> 1800 | H12: 720 | I12: =VLOOKUP(B12,TraCuu!$A$2:$B$25,2,FALSE) -> Võ Linh | J12: =ROUND(E12*VLOOKUP(D12,NganHang!$A$2:$D$4,4,FALSE),0) -> 720 | K12: =H12-J12 -> 0 | L12: =IF(K12=0,"Khớp","Lệch phí") -> Khớp | M12: =COUNTIF($B$2:$B$25,B12) -> 1
A13: GD09012 | B13: =TRIM(A13) -> GD09012 | C13: 46289 | D13: NH03 | E13: 1000000 | F13: =ROUND(E13*NganHang!$G$2,0) -> 20000 | G13: =ROUND(E13*NganHang!$G$3,0) -> 3000 | H13: 800 | I13: =VLOOKUP(B13,TraCuu!$A$2:$B$25,2,FALSE) -> Đỗ Khoa | J13: =ROUND(E13*VLOOKUP(D13,NganHang!$A$2:$D$4,4,FALSE),0) -> 800 | K13: =H13-J13 -> 0 | L13: =IF(K13=0,"Khớp","Lệch phí") -> Khớp | M13: =COUNTIF($B$2:$B$25,B13) -> 1
A14: GD10001 | B14: =TRIM(A14) -> GD10001 | C14: 46297 | D14: NH01 | E14: 230000 | F14: =ROUND(E14*NganHang!$G$2,0) -> 4600 | G14: =ROUND(E14*NganHang!$G$3,0) -> 690 | H14: 230 | I14: =VLOOKUP(B14,TraCuu!$A$2:$B$25,2,FALSE) -> Nguyễn Nhân | J14: =ROUND(E14*VLOOKUP(D14,NganHang!$A$2:$D$4,4,FALSE),0) -> 230 | K14: =H14-J14 -> 0 | L14: =IF(K14=0,"Khớp","Lệch phí") -> Khớp | M14: =COUNTIF($B$2:$B$25,B14) -> 1
A15: GD10002 | B15: =TRIM(A15) -> GD10002 | C15: 46299 | D15: NH02 | E15: 345000 | F15: =ROUND(E15*NganHang!$G$2,0) -> 6900 | G15: =ROUND(E15*NganHang!$G$3,0) -> 1035 | H15: 414 | I15: =VLOOKUP(B15,TraCuu!$A$2:$B$25,2,FALSE) -> Trần Minh | J15: =ROUND(E15*VLOOKUP(D15,NganHang!$A$2:$D$4,4,FALSE),0) -> 414 | K15: =H15-J15 -> 0 | L15: =IF(K15=0,"Khớp","Lệch phí") -> Khớp | M15: =COUNTIF($B$2:$B$25,B15) -> 1
... A25: GD10012 | B25: =TRIM(A25) -> GD10012 | C25: 46319 | D25: NH03 | E25: 1150000 | F25: =ROUND(E25*NganHang!$G$2,0) -> 23000 | G25: =ROUND(E25*NganHang!$G$3,0) -> 3450 | H25: 920 | I25: =VLOOKUP(B25,TraCuu!$A$2:$B$25,2,FALSE) -> Đỗ Khoa | J25: =ROUND(E25*VLOOKUP(D25,NganHang!$A$2:$D$4,4,FALSE),0) -> 920 | K25: =H25-J25 -> 0 | L25: =IF(K25=0,"Khớp","Lệch phí") -> Khớp | M25: =COUNTIF($B$2:$B$25,B25) -> 1

Sheet TraCuu
A1: MaGD_Sach | B1: TenNguoiDung_Sach | C1: MaGD_Goc | D1: TenNguoiDung_Goc
A2: =TRIM(C2) -> GD09001 | B2: =TRIM(D2) -> Nguyễn Nhân | C2: GD09001 | D2: Nguyễn Nhân | F2: Tra cứu theo mã giao dịch, mỗi mã xuất hiện đúng một lần.
A3: =TRIM(C3) -> GD09002 | B3: =TRIM(D3) -> Trần Minh | C3: GD09002 | D3: Trần Minh | F3: A và B là dữ liệu đã TRIM; C và D giữ nguyên dữ liệu gốc.
A4: =TRIM(C4) -> GD09003 | B4: =TRIM(D4) -> Lê An | C4: GD09003 | D4: Lê An
A5: =TRIM(C5) -> GD09004 | B5: =TRIM(D5) -> Phạm Huy | C5: GD09004 | D5: Phạm Huy | F5: Kiểm tra nhanh khi gặp #N/A
A6: =TRIM(C6) -> GD09005 | B6: =TRIM(D6) -> Võ Linh | C6: GD09005 | D6: Võ Linh | F6: 1. Mã có tồn tại? | G6: Dùng COUNTIF trên cột mã sạch; 0 là chưa có bản ghi.
A7: =TRIM(C7) -> GD09006 | B7: =TRIM(D7) -> Đỗ Khoa | C7: GD09006 | D7: Đỗ Khoa | F7: 2. Khóa có cùng định dạng? | G7: Dùng TRIM cả hai phía; giữ mã ở dạng Text và giữ số 0 đầu.
A8: =TRIM(C8) -> GD09007 | B8: =TRIM(D8) -> Nguyễn Nhân | C8: GD09007 | D8: Nguyễn Nhân | F8: 3. Vùng và công thức đúng? | G8: Mã phải ở cột đầu vùng, cột trả về = 2, FALSE, vùng có $.
A9: =TRIM(C9) -> GD09008 | B9: =TRIM(D9) -> Trần Minh | C9: GD09008 | D9: Trần Minh | F9: 4. Dữ liệu nguồn đã đầy đủ? | G9: Kiểm tra kỳ dữ liệu, mã trùng, bản ghi mới ngoài vùng tra.
A10: =TRIM(C10) -> GD09009 | B10: =TRIM(D10) -> Lê An | C10: GD09009 | D10: Lê An
A11: =TRIM(C11) -> GD09010 | B11: =TRIM(D11) -> Phạm Huy | C11: GD09010 | D11: Phạm Huy
A12: =TRIM(C12) -> GD09011 | B12: =TRIM(D12) -> Võ Linh | C12: GD09011 | D12: Võ Linh | F12: MaThu | G12: KetQua
A13: =TRIM(C13) -> GD09012 | B13: =TRIM(D13) -> Đỗ Khoa | C13: GD09012 | D13: Đỗ Khoa | F13: GD10001 | G13: =VLOOKUP(TRIM(F13),$A$2:$B$25,2,FALSE) -> Nguyễn Nhân
A14: =TRIM(C14) -> GD10001 | B14: =TRIM(D14) -> Nguyễn Nhân | C14: GD10001 | D14: Nguyễn Nhân
A15: =TRIM(C15) -> GD10002 | B15: =TRIM(D15) -> Trần Minh | C15: GD10002 | D15: Trần Minh | F15: TRIM không loại bỏ khoảng trắng không ngắt CHAR(160).
A16: =TRIM(C16) -> GD10003 | B16: =TRIM(D16) -> Lê An | C16: GD10003 | D16: Lê An | F16: Nếu có CHAR(160): dùng TRIM(SUBSTITUTE(ô,CHAR(160)," ")).
A17: =TRIM(C17) -> GD10004 | B17: =TRIM(D17) -> Phạm Huy | C17: GD10004 | D17: Phạm Huy
A18: =TRIM(C18) -> GD10005 | B18: =TRIM(D18) -> Võ Linh | C18: GD10005 | D18: Võ Linh | F18: Không dùng IFERROR để biến lỗi thiếu dữ liệu thành số 0.
A19: =TRIM(C19) -> GD10006 | B19: =TRIM(D19) -> Đỗ Khoa | C19: GD10006 | D19: Đỗ Khoa
A20: =TRIM(C20) -> GD10007 | B20: =TRIM(D20) -> Nguyễn Nhân | C20: GD10007 | D20: Nguyễn Nhân
A21: =TRIM(C21) -> GD10008 | B21: =TRIM(D21) -> Trần Minh | C21: GD10008 | D21: Trần Minh
A22: =TRIM(C22) -> GD10009 | B22: =TRIM(D22) -> Lê An | C22: GD10009 | D22: Lê An
A23: =TRIM(C23) -> GD10010 | B23: =TRIM(D23) -> Phạm Huy | C23: GD10010 | D23: Phạm Huy
A24: =TRIM(C24) -> GD10011 | B24: =TRIM(D24) -> Võ Linh | C24: GD10011 | D24: Võ Linh
A25: =TRIM(C25) -> GD10012 | B25: =TRIM(D25) -> Đỗ Khoa | C25: GD10012 | D25: Đỗ Khoa

Sheet NganHang
A1: MaNH | B1: TenNganHang | C1: PhiCoDinhThang_VND | D1: TyLePhi | F1: GiaDinh | G1: GiaTri
A2: NH01 | B2: Ngân hàng A | C2: 1000 | D2: 0.001 | F2: Phí dịch vụ / giá trị GD | G2: 0.02
A3: NH02 | B3: Ngân hàng B | C3: 1000 | D3: 0.0012 | F3: Hoàn tiền ưu đãi / giá trị GD | G3: 0.003
A4: NH03 | B4: Ngân hàng C | C4: 1000 | D4: 0.0008 | F4: Chi phí vận hành tháng 09 | G4: 70000
F5: Chi phí vận hành tháng 10 | G5: 70000
F6: Tiền hoạt động đầu tháng 10 | G6: 100000
F8: Nguồn: dữ liệu giả định phục vụ bài tập PayKX.
F9: Phí NH = phí cố định tháng + doanh số × tỷ lệ.
F10: Chưa xét VAT, thuế TNDN, lãi vay và khấu hao.
F11: Giả định thu và chi hoạt động đều thanh toán trong tháng.
F12: Hoàn tiền ưu đãi do PayKX tài trợ, khác hoàn trả giao dịch gốc.
